
-- MySQL dump 10.13  Distrib 5.7.23, for Linux (x86_64)
--
-- Host: localhost    Database: Company
-- ------------------------------------------------------
-- Server version	5.7.23-0ubuntu0.18.04.1

/*!40101 SET @OLD_CHARACTER_SET_CLIENT=@@CHARACTER_SET_CLIENT */;
/*!40101 SET @OLD_CHARACTER_SET_RESULTS=@@CHARACTER_SET_RESULTS */;
/*!40101 SET @OLD_COLLATION_CONNECTION=@@COLLATION_CONNECTION */;
/*!40101 SET NAMES utf8 */;
/*!40103 SET @OLD_TIME_ZONE=@@TIME_ZONE */;
/*!40103 SET TIME_ZONE='+00:00' */;
/*!40014 SET @OLD_UNIQUE_CHECKS=@@UNIQUE_CHECKS, UNIQUE_CHECKS=0 */;
/*!40014 SET @OLD_FOREIGN_KEY_CHECKS=@@FOREIGN_KEY_CHECKS, FOREIGN_KEY_CHECKS=0 */;
/*!40101 SET @OLD_SQL_MODE=@@SQL_MODE, SQL_MODE='NO_AUTO_VALUE_ON_ZERO' */;
/*!40111 SET @OLD_SQL_NOTES=@@SQL_NOTES, SQL_NOTES=0 */;

--
-- Table structure for table `DEPARTMENT`
--
DROP DATABASE IF EXISTS `GHC`;
CREATE SCHEMA `GHC`;
USE `GHC`;
DROP TABLE IF EXISTS `HEALTH_POLICIES`;
/*!40101 SET @saved_cs_client     = @@character_set_client */;
/*!40101 SET character_set_client = utf8 */;
CREATE TABLE `HEALTH_POLICIES` (
  `PROG_NAME` varchar(15) NOT NULL,
  `PROG_NO` INT NOT NULL,
  `LOCATION_ID` INT NOT NULL,
  `DISEASE_ID` INT NOT NULL,
  PRIMARY KEY (`PROG_NO`),
  CONSTRAINT `HEALTH_POLICIES_ibfk_1` FOREIGN KEY (`DISEASE_ID`) REFERENCES `DISEASES` (`DISEASE_ID`),
  CONSTRAINT `HEALTH_POLICIES_ibfk_2` FOREIGN KEY (`LOCATION_ID`) REFERENCES `LOCATIONS` (`LOCATION_ID`),
  CONSTRAINT `HEALTH_POLICIES_ibfk_3` FOREIGN KEY (`PROGRAM_NAME`) REFERENCES `PROGRAM_TIME` (`PROGRAM_NAME`)
) ENGINE=InnoDB DEFAULT CHARSET=latin1;
/*!40101 SET character_set_client = @saved_cs_client */;

--
-- Dumping data for table `DEPARTMENT`
--

LOCK TABLES `HEALTH_POLICIES` WRITE;
/*!40000 ALTER TABLE `DEPARTMENT` DISABLE KEYS */;
INSERT INTO `HEALTH_POLICIES` VALUES (01,COVID_RELIEF,101,1101),(02,DENGUE,102,1102),(03,MALARIA,103,1103),(04,POLIO,104,1104),(05,BREAST_CANC,105,1105),(06,ANTI_EBOLA,106,1106),(07,CHOLERA,107,1107),(08,MARBURG,108,1108),(09,HIV,109,1109),(10,AIDS,110,1110);
/*!40000 ALTER TABLE `DEPARTMENT` ENABLE KEYS */;
UNLOCK TABLES;

--
-- Table structure for table `DEPENDENT`
--

DROP TABLE IF EXISTS `PROGRAM_TIME`;
/*!40101 SET @saved_cs_client     = @@character_set_client */;
/*!40101 SET character_set_client = utf8 */;
CREATE TABLE `PROGRAM_TIME` (
  `PROGRAM_NAME` VARCHAR(9) NOT NULL,
  `DURATION` INT NOT NULL,
  `PROG_TYPE` VARCHAR(30) DEFAULT NULL,
  PRIMARY KEY (`PROGRAM_NAME`)
) ENGINE=InnoDB DEFAULT CHARSET=latin1;
/*!40101 SET character_set_client = @saved_cs_client */;

--
-- Dumping data for table `DEPENDENT`
--

LOCK TABLES `PROGRAM_TIME` WRITE;
/*!40000 ALTER TABLE `DEPENDENT` DISABLE KEYS */;
INSERT INTO `PROGRAM_TIME` VALUES (COVID_RELIEF,24,SERIOUS-9),(DENGUE_RELIEF,6,SERIOUS-4),(MALARIA_RELIEF,6,SERIOUS-4),(POLIO_RELIEF,60,SERIOUS-2),(BCANCER_RELIEF,60,SERIOUS-3),(ANTI_EBOLA,48,SERIOUS-4),(CHOLERA_RELIEF,12,SERIOUS-1),(MARBORORO,24,SERIOUS-6),(HIV_PREVENTION,120,SERIOUS-7),(AIDS_PREVENTION,120,SERIOUS-5);
/*!40000 ALTER TABLE `DEPENDENT` ENABLE KEYS */;
UNLOCK TABLES;

--
-- Table structure for table `DEPT_LOCATIONS`
--

DROP TABLE IF EXISTS `MEMBERS`;
/*!40101 SET @saved_cs_client     = @@character_set_client */;
/*!40101 SET character_set_client = utf8 */;
CREATE TABLE `MEMBERS` (
  `COUNTRY_ID` int(11) NOT NULL,
  `COUNTRY_NAME` varchar(15) NOT NULL,
  `NAME` varchar(15) NOT NULL,
  `YEAR_OF_TERM` INT NOT NULL,
  `DESIGNATION` varchar(20) NOT NULL,
  `COUNTRY_ID` INT NOT NULL,
  PRIMARY KEY (`COUNTRY_ID`),
  CONSTRAINT `DEPT_LOCATIONS_ibfk_1` FOREIGN KEY (`COUNTRY_ID`) REFERENCES `MEMBERS` (`COUNTRY_ID`)
) ENGINE=InnoDB DEFAULT CHARSET=latin1;
/*!40101 SET character_set_client = @saved_cs_client */;

--
-- Dumping data for table `DEPT_LOCATIONS`
--

LOCK TABLES `MEMBERS` WRITE;
/*!40000 ALTER TABLE `DEPT_LOCATIONS` DISABLE KEYS */;
INSERT INTO `MEMBERS` VALUES (101,INDIA,YASH,2,SECRETARIAT,101),(102,USA,RAYAAN,3,EXECUTIVE BOARD,101),(103,NEW ZEELAND,SANTHOSHINI,4,HEALTH ASSOCIATION,102),(104,AUSTRALIA,AKHIL,2,HEALTH ASSOCIATION,105),(105,RUSSIA,SHIVAYE,1,EXECUTIVE BOARD,101),(106,BANGLADESH,HARSH,5,HEALTH ASSOCIATION,110),(107,PAKISTAN,YATHARTH,3,EXECUTIVE BOARD,101),(108,SRI LANKA,AAKRIT,2,HEALTH ASSOCIATION,102),(109,NEPAL,AKSHIT,4,HEALTH ASSOCIATION,105),(110,ENGLAND,CHANDANA,2,EXECUTIVE BOARD,101);
/*!40000 ALTER TABLE `DEPT_LOCATIONS` ENABLE KEYS */;
UNLOCK TABLES;

--
-- Table structure for table `EMPLOYEE`
--

DROP TABLE IF EXISTS `IMPLEMENT`;
/*!40101 SET @saved_cs_client     = @@character_set_client */;
/*!40101 SET character_set_client = utf8 */;
CREATE TABLE `IMPLEMENT` (
  `PROGRAM_NO` INT NOT NULL,
  `COUNTRY_ID` INT DEFAULT NULL,
  PRIMARY KEY (`PROGRAM_NO`,`COUNTRY_ID`)
) ENGINE=InnoDB DEFAULT CHARSET=latin1;
/*!40101 SET character_set_client = @saved_cs_client */;

--
-- Dumping data for table `EMPLOYEE`
--

LOCK TABLES `IMPLEMENT` WRITE;
/*!40000 ALTER TABLE `EMPLOYEE` DISABLE KEYS */;
INSERT INTO `IMPLEMENT` VALUES (1,101),(1,102),(1,105),(1,108),(1,109),(1,110),(2,101),(3,103),(4,105),(4,104),(4,108),(4,110),(5,101),(6,101),(6,104),(7,109),(8,103),(9,109),(9,110),(10,102),(10,104),(10,106);
/*!40000 ALTER TABLE `EMPLOYEE` ENABLE KEYS */;
UNLOCK TABLES;

--
-- Table structure for table `PROJECT`
--

DROP TABLE IF EXISTS `DISEASE`;
/*!40101 SET @saved_cs_client     = @@character_set_client */;
/*!40101 SET character_set_client = utf8 */;
CREATE TABLE `DISEASE` (
  `DISEASE_ID` INT NOT NULL,
  `DISEASE_NAME` VARCHAR(20) NOT NULL,
  `RNAUGHT` INT DEFAULT NULL,
  PRIMARY KEY (`DISEASE_ID`),
  CONSTRAINT `DISEASE_ibfk_1` FOREIGN KEY (`DISEASE_NAME`) REFERENCES `TYPE_NAME` (`DISEASE_NAME`)
) ENGINE=InnoDB DEFAULT CHARSET=latin1;
/*!40101 SET character_set_client = @saved_cs_client */;

--
-- Dumping data for table `PROJECT`
--

LOCK TABLES `DISEASE` WRITE;
/*!40000 ALTER TABLE `PROJECT` DISABLE KEYS */;
INSERT INTO `DISEASE` VALUES (1101,COVID,20%),(1102,DENGUE,10%),(1103,MALARIA,14%),(1104,POLIO,69%),(1105,BREAST CANC,69%),(1106,EBOLA,2%),(1107,CHOLERA,4%),(1108,MARBURG,18%),(1109,HIV,1%),(1110,AIDS,1%),(1111,LUNG CANCER,3%),(1112,SWINE FLU,14%),(1113,EPILIPSUM,23%),(1114,CHICKEN POX,11%),(1115,SMALL POX,9%);
/*!40000 ALTER TABLE `PROJECT` ENABLE KEYS */;
UNLOCK TABLES;

--
-- Table structure for table `WORKS_ON`
--

DROP TABLE IF EXISTS `TYPE_NAME`;
/*!40101 SET @saved_cs_client     = @@character_set_client */;
/*!40101 SET character_set_client = utf8 */;
CREATE TABLE `TYPE_NAME` (
  `DISEASE_NAME` char(9) NOT NULL,
  `DISEASE_TYPE` int(11) NOT NULL,
  PRIMARY KEY (`DISEASE_NAME`),
) ENGINE=InnoDB DEFAULT CHARSET=latin1;
/*!40101 SET character_set_client = @saved_cs_client */;

--
-- Dumping data for table `WORKS_ON`
--

LOCK TABLES `TYPE_NAME` WRITE;
/*!40000 ALTER TABLE `WORKS_ON` DISABLE KEYS */;
INSERT INTO `TYPE_NAME` VALUES (COVID,VIRUS),(DENGUE,MOSQUITO_BORNE),(MALARIA,MOSQUITO_BORNE),(POLIO,CONTAGIOUS_VIRAL_ILLNESS),(BREAST_CANC,CANCERIC),(EBOLA,VIRUS),(CHOLERA,DIARHEAL_INFECTION),(MARBURG,VIRUS),(HIV,STI),(AIDS,STI),(LUNG_CANCER,CANCERIC),(SWINE_FLU,VIRUS),(EPILIPSUM,CHRONIC),(CHICKEN_POX,VIRUS),(SMALL_POX,VIRUS);
/*!40000 ALTER TABLE `WORKS_ON` ENABLE KEYS */;
UNLOCK TABLES;

--
-- Table structure for table `WORKS_ON`
--

DROP TABLE IF EXISTS `BIOMEDICAL_RESEARCHES`;
/*!40101 SET @saved_cs_client     = @@character_set_client */;
/*!40101 SET character_set_client = utf8 */;
CREATE TABLE `BIOMEDICAL_RESEARCHES` (
  `SERIAL_NO` INT NOT NULL,
  `RESEARCH_TYPE` VARCHAR(20) NOT NULL,
  `FIRST_NAME` VARCHAR(20) NOT NULL,
  `LAST_NAME` VARCHAR(20) NOT NULL,
  `STATUS_OF_COMPLETION` INT NOT NULL,
  `COUNTRY_ID` INT NOT NULL,
  `BRANCH_ID` INT NOT NULL,
  PRIMARY KEY (`SERIAL_NO`),
  CONSTRAINT `BIOMEDICAL_RESEARCHES_ibfk_1` FOREIGN KEY (`COUNTRY_ID`) REFERENCES `MEMBERS` (`COUNTRY_ID`),
  CONSTRAINT `BIOMEDICAL_RESEARCHES_ibfk_2` FOREIGN KEY (`BRANCH_ID`) REFERENCES `BRANHCES` (`BRANCH_ID`)

) ENGINE=InnoDB DEFAULT CHARSET=latin1;
/*!40101 SET character_set_client = @saved_cs_client */;

--  CONSTRAINT `DISEASE_ibfk_1` FOREIGN KEY (`DISEASE_NAME`) REFERENCES `TYPE_NAME` (`DISEASE_NAME`)

-- Dumping data for table `WORKS_ON`
--

LOCK TABLES `BIOMEDICAL_RESEARCHES` WRITE;
/*!40000 ALTER TABLE `WORKS_ON` DISABLE KEYS */;
INSERT INTO `BIOMEDICAL_RESEARCHES` VALUES (201,STI BASED,BHUVAN,BAM,71%,101,901),(202,VIRAL BASED,SAMEER,FUDDI,39%,102,902),(203,CANCERIC,BANCHHODDAS,CHHATRIWALA,27%,103,903),(204,AIR BORNE,JAANKI,BAM,83%,104,904),(205,WATER BORNE,TITU,MAMA,92%,105,905),(206,CHRONIC BASED,BABLOO,BAM,8%,106,907),(207,CONTAGIOUS,LAKHAN ,CHHATRIWALA,26%,110,908):
/*!40000 ALTER TABLE `WORKS_ON` ENABLE KEYS */;
UNLOCK TABLES;
/*!40103 SET TIME_ZONE=@OLD_TIME_ZONE */;

/*!40101 SET SQL_MODE=@OLD_SQL_MODE */;
/*!40014 SET FOREIGN_KEY_CHECKS=@OLD_FOREIGN_KEY_CHECKS */;
/*!40014 SET UNIQUE_CHECKS=@OLD_UNIQUE_CHECKS */;
/*!40101 SET CHARACTER_SET_CLIENT=@OLD_CHARACTER_SET_CLIENT */;
/*!40101 SET CHARACTER_SET_RESULTS=@OLD_CHARACTER_SET_RESULTS */;
/*!40101 SET COLLATION_CONNECTION=@OLD_COLLATION_CONNECTION */;
/*!40111 SET SQL_NOTES=@OLD_SQL_NOTES */;

-- Dump completed on 2018-08-12 23:29:32
